Brest_2018_NSI_broyage_ind10_noPCR	TTATTAGACCATTACTTCACTCTAAAAATATAAACCAATGACTGNNNNNNNNNNNNNNNNNNNNNNNNNNNNNNNNNNNNNNNNNNNNNNNNNNNNNNNNNNNNNNNNNNNNNNNNNNNNNNNNNNNNNNNNNNNNNNNNNNNNTTGGGTTGTTA
Brest_2018_NSI_broyage_ind2_noPCR	TTATTAGACCATTACTTCACTCTAAAAATATAAACCAATGACTGNNNNNNNNNNNNNNNNNNNNNNNNNNNNNNNNNNNNNNNNNNNNNNNNNNNNNNNNNNNNNNNNNNNNNNNNNNNNNNNNNNNNNNNNNNNNNNNNNNNNTTGGGTTGTTA
Brest_2018_NSI_broyage_ind4_noPCR	TTATTAGACCATTACTTCACTCTAAAAATATAAACCAATGACTGNNNNNNNNNNNNNNNNNNNNNNNNNNNNNNNNNNNNNNNNNNNNNNNNNNNNNNNNNNNNNNNNNNNNNNNNNNNNNNNNNNNNNNNNNNNNNNNNNNNNTTGGGTTGTTA
Brest_2018_NSI_broyage_ind6_noPCR	TCTAAAAATATAAACCAATGACTGNNNNNNNNNNNNNNNNNNNNNNNNNNNNNNNNNNNNNNNNNNNNNNNNNNNNNNNNNNNNNNNNNNNNNNNNNNNNNNNNNNNNNNNNNNNNNNNNNNNNNNNNNNNNNNNNNNNNNNNNNNNNNNNNNNN
Brest_2018_NSI_broyage_ind9_noPCR	TTATTAGACCATTACTTCACTCTAAAAATATAAACCAATGACTGNNNNNNNNNNNNNNNNNNNNNNNNNNNNNNNNNNNNNNNNNNNNNNNNNNNNNNNNNNNNNNNNNNNNNNNNNNNNNNNNNNNNNNNNNNNNNNNNNNNNTTGGGTTGTTA
LT_2018_NSI_broyage_ind10_noPCR	GACCATTACTTCACTCTAAAAATATAAACCAATGACTGNNNNNNNNNNNNNNNNNNNNNNNNNNNNNNNNNNNNNNNNNNNNNNNNNNNNNNNNNNNNNNNNNNNNNNNNNNNNNNNNNNNNNNNNNNNNNNNNNNNNTTGGGTTGTTATTATTA
LT_2018_NSI_broyage_ind1_noPCR	AACCAATGACTGNNNNNNNNNNNNNNNNNNNNNNNNNNNNNNNNNNNNNNNNNNNNNNNTCTAAAAATATA
LT_2018_NSI_broyage_ind3_noPCR	GNNNNNNNNNNNNNNNNNNNNNNNNNNNNNNNNNNNNNNNNNNNNNNNNNNNNNNNNNNNNNNNNNNNNNNNNNNNNNNNNNNNNNNNNNNNNNNNNNNNNTTGGGTTGTTATTATTAGACCATTACTTCACTCTAAAAATATAAACCAATGACT
LT_2018_NSI_broyage_ind4_noPCR	ATGTGATATCATCTACCTCCGNNNNNNNNNNACCTGCCAAATACAGGATGTGCCCACCTCTTCTGATCAAGGTGCCAATTCAATACAGATTAGTGCCGCCCATAACAATCAGGAAGTGTGATCTGCCAATGGTTGAACTTGATAATGAACTATATATGTTTTTGGACAGTTATACTCCTCCTACCATGGAGGTCAATGGTGAATCTTATATGATAATTGACTCTTGTGATGCACCAACCATGAATATTAATGGAAAAACATATTATGTTATTGATGAATGTTAATTTTTTTTATTGATGAATGTTAATTTGTTGTTGTTTTATACTTGATTAAAAAAAAATGAAAATGAAGTAATATCTTTATTTATATTTTACATTGAAAACACACCCACCAAGGCGCAATCCAATAAAAATTGAGTATGGCCAGGTTAGAGTTCATGAACAATACAAATTGAGTATATTTGTACTTAGAAATTTTTCGCGCAAACCCCACAAACATATACTTTAACTTGAGATTTTTTTCTAAGTTGAAATTTTACATCATTGCGCATGTGTAAGGGAGAAACAAAATGGCGTAACAAAATGGCGGATTGTTCCCGCTATTTTATGAAACCACATTATAACGTATATTTTAAACCAATCATGTATCTACCATTGCTGCTGTTTTGCGTCATTTCCTGTTATGGTGAGCAGATAAACAACCTCGATGACCTCCAAGCAAAATTGGACAGCATGCCGCCCAGTGACTTTATTGACCACAATGGACATAATATATGCCAAGATTGCGACAGGTTATGTCCTTTAATTTCCGATAATCCCACATGTGAAGAAGATTGTTATGGGAGGTGTAACAAGGGGATAACACGGCAATGATTTAATTATTAATTCTATTTTTAAATATAACATCCAATGAAAACAGCCGGAAATTGTACCTGATTGATTTTTACCAATAAAAAAAATCAAAAGATAATGTATATTTTTTAGTATTTTTAATTTAAATTGTCAAATCAATATAGTCATCAATTATAATACAATCATCATCAATAGCATTGTTTACAGCAATATTGTCAATCATATCATTCATAAGTCTATCATTTGACATCTGCGACCTTTCGCTAAGCACCTCCTCCACCAAACTGTCCAATGTATAACGAGGAACATAATTGTCACTTTCATCATCACTAAGTAGGTGGTCTTCTTCCTCAGGTGTAAGTTCATCAATGTCATTATTATTCTCCAAAATCATGATATCATCATTGTCTATCAGCCAATACTTGTAGAGTTTAGCCTCATTTCCATAAATGATCCGCCTCTCCGGCCAGTCCTTTCTGCAGATTGGACACTTGTCTTCCATCTCCTGCCTTATGCAATTGTCACAAATGTAATGAGTTGGGCAGGGCATTGTCGTAACTCTCAATGCCCCTCCCTCAATGTCACATTCAGCCAATGTCTTTTTAGTATAAGTAGGCTCCATGCAGATAACACACACCTTCTCGACAGCATCAACTTTCGCCAACAATGTTTTTAATTTTCTGCCAGCCGCCATTGCTGTCTCTTTCGTCAGCTTCAACTTCTTAATCCCGCCCATGATCCTGGGTACGTCATGGACATGCGCAGTAGTAGTATTTCTGGACTTTACCATTTTCACAGCGTATTTTATATTCCTATATCTGCTAACAGTAGATGTGTACAGTAAGACTCCCAAGCAAGTTATGATTTTAACATGGGCAATAGCGCTGCTTATATAGAGCAGGCCAGGGTGCTGATTGGTCTGTTATTATTAGACCATTACATTTATTCTAAAAATATAAACCAATGACTGTAGTCGGAAATGATTGCTGATTGGTTGA
LT_2018_NSI_broyage_ind7_noPCR	TGNNNNNNNNNNNNNNNNNNNNNNNNNNNNNNNNNNNNNNNNNNNNNNNTCTAAAAATATAAACCAATGAC
LT_2018_NSI_broyage_ind8_noPCR	CAATGACTGNNNNNNNNNNNNNNNNNNNNNNNNNNNNNNNNNNNNNNNNNNNNNNNNNNNNNNNNNNNNNNNNNNNNNNNNNNNNNNNNNNNNNNNNNNNNNNNNNNNNTTGGGTTGTTATTATTAGACCATTACTTCACTCTAAAAATATAAAC
LT_2018_NSI_broyage_ind9_noPCR	AACCAATGACTGNNNNNTTGGGTTGTTATTATTAGACCATTACTTCACTCTAAAAATATA
Thau_2018_NSI_broyage_ind10_noPCR	GACCATTACTTCACTCTAAAAATATAAACCAATGACTGNNTTGGGTTGTTATTATTA
Thau_2018_NSI_broyage_ind4_noPCR	GACCATTACTTCACTCTAAAAATATAAACCAATGACTGNTTGGGTTGTTATTATTA
Thau_2018_NSI_broyage_ind7_noPCR	GACCATTACTTCACTCTAAAAATATAAACCAATGACTGNNNTTGGGTTGTTATTATTA
